sensor_id;count;min;max;mean;out_count
S0;1000;-25;125;50.30;331
S1;1000;-25.00;125.00;50.25;332
S10;1000;-25.00;125.00;49.73;331
S11;1000;-25.00;125.00;49.68;332
S12;1000;-25.00;125.00;49.62;331
S13;1000;-25.00;125.00;49.71;332
S14;1000;-25.00;125.00;49.66;331
S15;1000;-25.00;125.00;49.75;332
S16;1000;-25.00;125.00;49.69;331
S17;1000;-25.00;125.00;49.79;332
S18;1000;-25.00;125.00;49.73;331
S19;1000;-25.00;125.00;49.83;332
S2;1000;-25.00;125.00;50.19;331
S20;1000;-25.00;125.00;49.77;331
S21;1000;-25.00;125.00;49.86;332
S22;1000;-25.00;125.00;49.80;331
S23;1000;-25.00;125.00;49.90;332
S24;1000;-25.00;125.00;49.84;331
S25;1000;-25.00;125.00;49.94;331
S26;1000;-25.00;125.00;49.88;331
S27;1000;-25.00;125.00;49.97;331
S28;1000;-25.00;125.00;49.92;331
S29;1000;-25.00;125.00;50.01;331
S3;1000;-25.00;125.00;50.13;332
S30;1000;-25.00;125.00;49.95;331
S31;1000;-25.00;125.00;50.05;331
S32;1000;-25.00;125.00;49.99;331
S33;1000;-25.00;125.00;50.08;331
S34;1000;-25.00;125.00;50.03;331
S35;1000;-25.00;125.00;50.12;331
S36;1000;-25.00;125.00;50.06;331
S37;1000;-25.00;125.00;50.16;331
S38;1000;-25.00;125.00;50.10;332
S39;1000;-25.00;125.00;50.20;331
S4;1000;-25.00;125.00;50.08;331
S40;1000;-25.00;125.00;50.14;332
S41;1000;-25.00;125.00;50.23;331
S42;1000;-25.00;125.00;50.17;332
S43;1000;-25.00;125.00;50.27;331
S44;1000;-25.00;125.00;50.21;332
S45;1000;-25.00;125.00;50.31;331
S46;1000;-25.00;125.00;50.25;332
S47;1000;-25.00;125.00;50.34;331
S48;1000;-25.00;125.00;50.29;332
S49;1000;-25.00;125.00;50.38;331
S5;1000;-25.00;125.00;50.02;332
S50;1000;-25.00;125.00;50.32;332
S51;1000;-25.00;125.00;50.27;331
S52;1000;-25.00;125.00;50.21;332
S53;1000;-25.00;125.00;50.15;331
S54;1000;-25.00;125.00;50.09;332
S55;1000;-25.00;125.00;50.04;331
S56;1000;-25.00;125.00;49.98;332
S57;1000;-25.00;125.00;49.92;331
S58;1000;-25.00;125.00;49.87;332
S59;1000;-25.00;125.00;49.81;331
S6;1000;-25.00;125.00;49.96;331
S60;1000;-25.00;125.00;49.75;332
S61;1000;-25.00;125.00;49.70;331
S62;1000;-25.00;125.00;49.64;332
S63;1000;-25.00;125.00;49.58;331
S64;1000;-25.00;125.00;49.68;332
S65;1000;-25.00;125.00;49.62;331
S66;1000;-25.00;125.00;49.71;332
S67;1000;-25.00;125.00;49.66;331
S68;1000;-25.00;125.00;49.75;332
S69;1000;-25.00;125.00;49.69;331
S7;1000;-25.00;125.00;49.91;332
S70;1000;-25.00;125.00;49.79;332
S71;1000;-25.00;125.00;49.73;331
S72;1000;-25.00;125.00;49.82;332
S73;1000;-25.00;125.00;49.77;331
S74;1000;-25.00;125.00;49.86;332
S75;1000;-25.00;125.00;49.80;331
S76;1000;-25.00;125.00;49.90;331
S77;1000;-25.00;125.00;49.84;331
S78;1000;-25.00;125.00;49.94;331
S79;1000;-25.00;125.00;49.88;331
S8;1000;-25.00;125.00;49.85;331
S80;1000;-25.00;125.00;49.97;331
S81;1000;-25.00;125.00;49.91;331
S82;1000;-25.00;125.00;50.01;331
S83;1000;-25.00;125.00;49.95;331
S84;1000;-25.00;125.00;50.05;331
S85;1000;-25.00;125.00;49.99;331
S86;1000;-25.00;125.00;50.08;331
S87;1000;-25.00;125.00;50.03;331
S88;1000;-25.00;125.00;50.12;330
S89;1000;-25.00;125.00;50.06;331
S9;1000;-25.00;125.00;49.79;332
S90;1000;-25.00;125.00;50.16;330
S91;1000;-25.00;125.00;50.10;331
S92;1000;-25.00;125.00;50.19;330
S93;1000;-25.00;125.00;50.14;331
S94;1000;-25.00;125.00;50.23;330
S95;1000;-25.00;125.00;50.17;331
S96;1000;-25.00;125.00;50.27;330
S97;1000;-25.00;125.00;50.21;331
S98;1000;-25.00;125.00;50.30;330
S99;1000;-25.00;125.00;50.25;331
